{
  "dataset": "Iris Binary",
  "features": 4,
  "train_samples": 70,
  "test_samples": 30,
  "vqc_accuracy": 0.5333333333333333,
  "vqc_improved_accuracy": 0.5666666666666667,
  "svm_accuracy": 1.0,
  "noisy_vqc_accuracy": 0.6,
  "noise_degradation": -0.033333333333333326
}